x,y
1,0
2,0
3,0
4,0
5,0
6,0
7,1
8,0
9,0
10,0
11,0
12,0
13,0
14,1
15,0
16,0
17,0
18,0
19,0
20,0
21,1
22,0
23,0
24,0
25,0
26,0
27,0
28,1
29,0
30,0
31,0
32,0
33,0
34,0
35,1
36,0
37,0
38,0
39,0
40,0
41,0
42,1
43,0
44,0
45,0
46,0
47,0
48,0
49,1
50,0
51,0
52,0
53,0
54,0
55,0
56,1
57,0
58,0
59,0
60,0
61,0
62,0
63,1
64,0
65,0
66,0
67,0
68,0
69,0
70,1
71,0
72,0
73,0
74,0
75,0
76,0
77,1
78,0
79,0
80,0
81,0
82,0
83,0
84,1
85,0
86,0
87,0
88,0
89,0
90,0
91,1
92,0
93,0
94,0
95,0
96,0
97,0
98,1
99,0
100,0
101,0
102,0
103,0
104,0
105,1
106,0
107,0
108,0
109,0
110,0
111,0
112,1
113,0
114,0
115,0
116,0
117,0
118,0
119,1
120,0
121,0
122,0
123,0
124,0
125,0
126,1
127,0
128,0
129,0
130,0
131,0
132,0
133,1
134,0
135,0
136,0
137,0
138,0
139,0
140,1
141,0
142,0
143,0
144,0
145,0
146,0
147,1
148,0
149,0
150,0
151,0
152,0
153,0
154,1
155,0
156,0
157,0
158,0
159,0
160,0
161,1
162,0
163,0
164,0
165,0
166,0
167,0
168,1
169,0
170,0
171,0
172,0
173,0
174,0
175,1
176,0
177,0
178,0
179,0
180,0
181,0
182,1
183,0
184,0
185,0
186,0
187,0
188,0
189,1
190,0
191,0
192,0
193,0
194,0
195,0
196,1
197,0
198,0
199,0
200,0
201,0
202,0
203,1
204,0
205,0
206,0
207,0
208,0
209,0
210,1
211,0
212,0
213,0
214,0
215,0
216,0
217,1
218,0
219,0
220,0
221,0
222,0
223,0
224,1
225,0
226,0
227,0
228,0
229,0
230,0
231,1
232,0
233,0
234,0
235,0
236,0
237,0
238,1
239,0
240,0
241,0
242,0
243,0
244,0
245,1
246,0
247,0
248,0
249,0
250,0
251,0
252,1
253,0
254,0
255,0
256,0
257,0
258,0
259,1
260,0
261,0
262,0
263,0
264,0
265,0
266,1
267,0
268,0
269,0
270,0
271,0
272,0
273,1
274,0
275,0
276,0
277,0
278,0
279,0
280,1
281,0
282,0
283,0
284,0
285,0
286,0
287,1
288,0
289,0
290,0
291,0
292,0
293,0
294,1
295,0
296,0
297,0
298,0
299,0
300,0
301,1
302,0
303,0
304,0
305,0
306,0
307,0
308,1
309,0
310,0
311,0
312,0
313,0
314,0
315,1
316,0
317,0
318,0
319,0
320,0
321,0
322,1
323,0
324,0
325,0
326,0
327,0
328,0
329,1
330,0
331,0
332,0
333,0
334,0
335,0
336,1
337,0
338,0
339,0
340,0
341,0
342,0
343,1
344,0
345,0
346,0
347,0
348,0
349,0
350,1
351,0
352,0
353,0
354,0
355,0
356,0
357,1
358,0
359,0
360,0
361,0
362,0
363,0
364,1
365,0
366,0
367,0
368,0
369,0
370,0
371,1
372,0
373,0
374,0
375,0
376,0
377,0
378,1
379,0
380,0
381,0
382,0
383,0
384,0
385,1
386,0
387,0
388,0
389,0
390,0
391,0
392,1
393,0
394,0
395,0
396,0
397,0
398,0
399,1
400,0
401,0
402,0
403,0
404,0
405,0
406,1
407,0
408,0
409,0
410,0
411,0
412,0
413,1
414,0
415,0
416,0
417,0
418,0
419,0
420,1
421,0
422,0
423,0
424,0
425,0
426,0
427,1
428,0
429,0
430,0
431,0
432,0
433,0
434,1
435,0
436,0
437,0
438,0
439,0
440,0
441,1
442,0
443,0
444,0
445,0
446,0
447,0
448,1
449,0
450,0
451,0
452,0
453,0
454,0
455,1
456,0
457,0
458,0
459,0
460,0
461,0
462,1
463,0
464,0
465,0
466,0
467,0
468,0
469,1
470,0
471,0
472,0
473,0
474,0
475,0
476,1
477,0
478,0
479,0
480,0
481,0
482,0
483,1
484,0
485,0
486,0
487,0
488,0
489,0
490,1
491,0
492,0
493,0
494,0
495,0
496,0
497,1
498,0
499,0
500,0
501,0
502,0
503,0
504,1
505,0
506,0
507,0
508,0
509,0
510,0
511,1
512,0
513,0
514,0
515,0
516,0
517,0
518,1
519,0
520,0
521,0
522,0
523,0
524,0
525,1
526,0
527,0
528,0
529,0
530,0
531,0
532,1
533,0
534,0
535,0
536,0
537,0
538,0
539,1
540,0
541,0
542,0
543,0
544,0
545,0
546,1
547,0
548,0
549,0
550,0
551,0
552,0
553,1
554,0
555,0
556,0
557,0
558,0
559,0
560,1
561,0
562,0
563,0
564,0
565,0
566,0
567,1
568,0
569,0
570,0
571,0
572,0
573,0
574,1
575,0
576,0
577,0
578,0
579,0
580,0
581,1
582,0
583,0
584,0
585,0
586,0
587,0
588,1
589,0
590,0
591,0
592,0
593,0
594,0
595,1
596,0
597,0
598,0
599,0
600,0
601,0
602,1
603,0
604,0
605,0
606,0
607,0
608,0
609,1
610,0
611,0
612,0
613,0
614,0
615,0
616,1
617,0
618,0
619,0
620,0
621,0
622,0
623,1
624,0
625,0
626,0
627,0
628,0
629,0
630,1
631,0
632,0
633,0
634,0
635,0
636,0
637,1
638,0
639,0
640,0
641,0
642,0
643,0
644,1
645,0
646,0
647,0
648,0
649,0
650,0
651,1
652,0
653,0
654,0
655,0
656,0
657,0
658,1
659,0
660,0
661,0
662,0
663,0
664,0
665,1
666,0
667,0
668,0
669,0
670,0
671,0
672,1
673,0
674,0
675,0
676,0
677,0
678,0
679,1
680,0
681,0
682,0
683,0
684,0
685,0
686,1
687,0
688,0
689,0
690,0
691,0
692,0
693,1
694,0
695,0
696,0
697,0
698,0
699,0
700,1
701,0
702,0
703,0
704,0
705,0
706,0
707,1
708,0
709,0
710,0
711,0
712,0
713,0
714,1
715,0
716,0
717,0
718,0
719,0
720,0
721,1
722,0
723,0
724,0
725,0
726,0
727,0
728,1
729,0
730,0
731,0
732,0
733,0
734,0
735,1
736,0
737,0
738,0
739,0
740,0
741,0
742,1
743,0
744,0
745,0
746,0
747,0
748,0
749,1
750,0
751,0
752,0
753,0
754,0
755,0
756,1
757,0
758,0
759,0
760,0
761,0
762,0
763,1
764,0
765,0
766,0
767,0
768,0
769,0
770,1
771,0
772,0
773,0
774,0
775,0
776,0
777,1
778,0
779,0
780,0
781,0
782,0
783,0
784,1
785,0
786,0
787,0
788,0
789,0
790,0
791,1
792,0
793,0
794,0
795,0
796,0
797,0
798,1
799,0
800,0
801,0
802,0
803,0
804,0
805,1
806,0
807,0
808,0
809,0
810,0
811,0
812,1
813,0
814,0
815,0
816,0
817,0
818,0
819,1
820,0
821,0
822,0
823,0
824,0
825,0
826,1
827,0
828,0
829,0
830,0
831,0
832,0
833,1
834,0
835,0
836,0
837,0
838,0
839,0
840,1
841,0
842,0
843,0
844,0
845,0
846,0
847,1
848,0
849,0
850,0
851,0
852,0
853,0
854,1
855,0
856,0
857,0
858,0
859,0
860,0
861,1
862,0
863,0
864,0
865,0
866,0
867,0
868,1
869,0
870,0
871,0
872,0
873,0
874,0
875,1
876,0
877,0
878,0
879,0
880,0
881,0
882,1
883,0
884,0
885,0
886,0
887,0
888,0
889,1
890,0
891,0
892,0
893,0
894,0
895,0
896,1
897,0
898,0
899,0
900,0
901,0
902,0
903,1
904,0
905,0
906,0
907,0
908,0
909,0
910,1
911,0
912,0
913,0
914,0
915,0
916,0
917,1
918,0
919,0
920,0
921,0
922,0
923,0
924,1
925,0
926,0
927,0
928,0
929,0
930,0
931,1
932,0
933,0
934,0
935,0
936,0
937,0
938,1
939,0
940,0
941,0
942,0
943,0
944,0
945,1
946,0
947,0
948,0
949,0
950,0
951,0
952,1
953,0
954,0
955,0
956,0
957,0
958,0
959,1
960,0
961,0
962,0
963,0
964,0
965,0
966,1
967,0
968,0
969,0
970,0
971,0
972,0
973,1
974,0
975,0
976,0
977,0
978,0
979,0
980,1
981,0
982,0
983,0
984,0
985,0
986,0
987,1
988,0
989,0
990,0
991,0
992,0
993,0
994,1
995,0
996,0
997,0
998,0
999,0
1000,0
1001,1
1002,0
1003,0
1004,0
1005,0
1006,0
1007,0
1008,1
1009,0
1010,0
1011,0
1012,0
1013,0
1014,0
1015,1
1016,0
1017,0
1018,0
1019,0
1020,0
1021,0
1022,1
1023,0
1024,0
1025,0
1026,0
1027,0
1028,0
1029,1
1030,0
1031,0
1032,0
1033,0
1034,0
1035,0
1036,1
1037,0
1038,0
1039,0
1040,0
1041,0
1042,0
1043,1
1044,0
1045,0
1046,0
1047,0
1048,0
1049,0
1050,1
1051,0
1052,0
1053,0
1054,0
1055,0
1056,0
1057,1
1058,0
1059,0
1060,0
1061,0
1062,0
1063,0
1064,1
1065,0
1066,0
1067,0
1068,0
1069,0
1070,0
1071,1
1072,0
1073,0
1074,0
1075,0
1076,0
1077,0
1078,1
1079,0
1080,0
1081,0
1082,0
1083,0
1084,0
1085,1
1086,0
1087,0
1088,0
1089,0
1090,0
1091,0
1092,1
1093,0
1094,0
1095,0
1096,0
1097,0
1098,0
1099,1
1100,0
1101,0
1102,0
1103,0
1104,0
1105,0
1106,1
1107,0
1108,0
1109,0
1110,0
1111,0
1112,0
1113,1
1114,0
1115,0
1116,0
1117,0
1118,0
1119,0
1120,1
1121,0
1122,0
1123,0
1124,0
1125,0
1126,0
1127,1
1128,0
1129,0
1130,0
1131,0
1132,0
1133,0
1134,1
1135,0
1136,0
1137,0
1138,0
1139,0
1140,0
1141,1
1142,0
1143,0
1144,0
1145,0
1146,0
1147,0
1148,1
1149,0
1150,0
1151,0
1152,0
1153,0
1154,0
1155,1
1156,0
1157,0
1158,0
1159,0
1160,0
1161,0
1162,1
1163,0
1164,0
1165,0
1166,0
1167,0
1168,0
1169,1
1170,0
1171,0
1172,0
1173,0
1174,0
1175,0
1176,1
1177,0
1178,0
1179,0
1180,0
1181,0
1182,0
1183,1
1184,0
1185,0
1186,0
1187,0
1188,0
1189,0
1190,1
1191,0
1192,0
1193,0
1194,0
1195,0
1196,0
1197,1
1198,0
1199,0
1200,0
1201,0
1202,0
1203,0
1204,1
1205,0
1206,0
1207,0
1208,0
1209,0
1210,0
1211,1
1212,0
1213,0
1214,0
1215,0
1216,0
1217,0
1218,1
1219,0
1220,0
1221,0
1222,0
1223,0
1224,0
1225,1
1226,0
1227,0
1228,0
1229,0
1230,0
1231,0
1232,1
1233,0
1234,0
1235,0
1236,0
1237,0
1238,0
1239,1
1240,0
1241,0
1242,0
1243,0
1244,0
1245,0
1246,1
1247,0
1248,0
1249,0
1250,0
1251,0
1252,0
1253,1
1254,0
1255,0
1256,0
1257,0
1258,0
1259,0
1260,1
1261,0
1262,0
1263,0
1264,0
1265,0
1266,0
1267,1
1268,0
1269,0
1270,0
1271,0
1272,0
1273,0
1274,1
1275,0
1276,0
1277,0
1278,0
1279,0
1280,0
1281,1
1282,0
1283,0
1284,0
1285,0
1286,0
1287,0
1288,1
1289,0
1290,0
1291,0
1292,0
1293,0
1294,0
1295,1
1296,0
1297,0
1298,0
1299,0
1300,0
1301,0
1302,1
1303,0
1304,0
1305,0
1306,0
1307,0
1308,0
1309,1
1310,0
1311,0
1312,0
1313,0
1314,0
1315,0
1316,1
1317,0
1318,0
1319,0
1320,0
1321,0
1322,0
1323,1
1324,0
1325,0
1326,0
1327,0
1328,0
1329,0
1330,1
1331,0
1332,0
1333,0
1334,0
1335,0
1336,0
1337,1
1338,0
1339,0
1340,0
1341,0
1342,0
1343,0
1344,1
1345,0
1346,0
1347,0
1348,0
1349,0
1350,0
1351,1
1352,0
1353,0
1354,0
1355,0
1356,0
1357,0
1358,1
1359,0
1360,0
1361,0
1362,0
1363,0
1364,0
1365,1
1366,0
1367,0
1368,0
1369,0
1370,0
1371,0
1372,1
1373,0
1374,0
1375,0
1376,0
1377,0
1378,0
1379,1
1380,0
1381,0
1382,0
1383,0
1384,0
1385,0
1386,1
1387,0
1388,0
1389,0
1390,0
1391,0
1392,0
1393,1
1394,0
1395,0
1396,0
1397,0
1398,0
1399,0
1400,1
1401,0
1402,0
1403,0
1404,0
1405,0
1406,0
1407,1
1408,0
1409,0
1410,0
1411,0
1412,0
1413,0
1414,1
1415,0
1416,0
1417,0
1418,0
1419,0
1420,0
1421,1
1422,0
1423,0
1424,0
1425,0
1426,0
1427,0
1428,1
1429,0
1430,0
1431,0
1432,0
1433,0
1434,0
1435,1
1436,0
1437,0
1438,0
1439,0
1440,0
1441,0
1442,1
1443,0
1444,0
1445,0
1446,0
1447,0
1448,0
1449,1
1450,0
1451,0
1452,0
1453,0
1454,0
1455,0
1456,1
1457,0
1458,0
1459,0
1460,0
1461,0
1462,0
1463,1
1464,0
1465,0
1466,0
1467,0
1468,0
1469,0
1470,1
1471,0
1472,0
1473,0
1474,0
1475,0
1476,0
1477,1
1478,0
1479,0
1480,0
1481,0
1482,0
1483,0
1484,1
1485,0
1486,0
1487,0
1488,0
1489,0
1490,0
1491,1
1492,0
1493,0
1494,0
1495,0
1496,0
1497,0
1498,1
1499,0
1500,0
1501,0
1502,0
1503,0
1504,0
1505,1
1506,0
1507,0
1508,0
1509,0
1510,0
1511,0
1512,1
1513,0
1514,0
1515,0
1516,0
1517,0
1518,0
1519,1
1520,0
1521,0
1522,0
1523,0
1524,0
1525,0
1526,1
1527,0
1528,0
1529,0
1530,0
1531,0
1532,0
1533,1
1534,0
1535,0
1536,0
1537,0
1538,0
1539,0
1540,1
1541,0
1542,0
1543,0
1544,0
1545,0
1546,0
1547,1
1548,0
1549,0
1550,0
1551,0
1552,0
1553,0
1554,1
1555,0
1556,0
1557,0
1558,0
1559,0
1560,0
1561,1
1562,0
1563,0
1564,0
1565,0
1566,0
1567,0
1568,1
1569,0
1570,0
1571,0
1572,0
1573,0
1574,0
1575,1
1576,0
1577,0
1578,0
1579,0
1580,0
1581,0
1582,1
1583,0
1584,0
1585,0
1586,0
1587,0
1588,0
1589,1
1590,0
1591,0
1592,0
1593,0
1594,0
1595,0
1596,1
1597,0
1598,0
1599,0
1600,0
1601,0
1602,0
1603,1
1604,0
1605,0
1606,0
1607,0
1608,0
1609,0
1610,1
1611,0
1612,0
1613,0
1614,0
1615,0
1616,0
1617,1
1618,0
1619,0
1620,0
1621,0
1622,0
1623,0
1624,1
1625,0
1626,0
1627,0
1628,0
1629,0
1630,0
1631,1
1632,0
1633,0
1634,0
1635,0
1636,0
1637,0
1638,1
1639,0
1640,0
1641,0
1642,0
1643,0
1644,0
1645,1
1646,0
1647,0
1648,0
1649,0
1650,0
1651,0
1652,1
1653,0
1654,0
1655,0
1656,0
1657,0
1658,0
1659,1
1660,0
1661,0
1662,0
1663,0
1664,0
1665,0
1666,1
1667,0
1668,0
1669,0
1670,0
1671,0
1672,0
1673,1
1674,0
1675,0
1676,0
1677,0
1678,0
1679,0
1680,1
1681,0
1682,0
1683,0
1684,0
1685,0
1686,0
1687,1
1688,0
1689,0
1690,0
1691,0
1692,0
1693,0
1694,1
1695,0
1696,0
1697,0
1698,0
1699,0
1700,0
1701,1
1702,0
1703,0
1704,0
1705,0
1706,0
1707,0
1708,1
1709,0
1710,0
1711,0
1712,0
1713,0
1714,0
1715,1
1716,0
1717,0
1718,0
1719,0
1720,0
1721,0
1722,1
1723,0
1724,0
1725,0
1726,0
1727,0
1728,0
1729,1
1730,0
1731,0
1732,0
1733,0
1734,0
1735,0
1736,1
1737,0
1738,0
1739,0
1740,0
1741,0
1742,0
1743,1
1744,0
1745,0
1746,0
1747,0
1748,0
1749,0
1750,1
1751,0
1752,0
1753,0
1754,0
1755,0
1756,0
1757,1
1758,0
1759,0
1760,0
1761,0
1762,0
1763,0
1764,1
1765,0
1766,0
1767,0
1768,0
1769,0
1770,0
1771,1
1772,0
1773,0
1774,0
1775,0
1776,0
1777,0
1778,1
1779,0
1780,0
1781,0
1782,0
1783,0
1784,0
1785,1
1786,0
1787,0
1788,0
1789,0
1790,0
1791,0
1792,1
1793,0
1794,0
1795,0
1796,0
1797,0
1798,0
1799,1
1800,0
1801,0
1802,0
1803,0
1804,0
1805,0
1806,1
1807,0
1808,0
1809,0
1810,0
1811,0
1812,0
1813,1
1814,0
1815,0
1816,0
1817,0
1818,0
1819,0
1820,1
1821,0
1822,0
1823,0
1824,0
1825,0
1826,0
1827,1
1828,0
1829,0
1830,0
1831,0
1832,0
1833,0
1834,1
1835,0
1836,0
1837,0
1838,0
1839,0
1840,0
1841,1
1842,0
1843,0
1844,0
1845,0
1846,0
1847,0
1848,1
1849,0
1850,0
1851,0
1852,0
1853,0
1854,0
1855,1
1856,0
1857,0
1858,0
1859,0
1860,0
1861,0
1862,1
1863,0
1864,0
1865,0
1866,0
1867,0
1868,0
1869,1
1870,0
1871,0
1872,0
1873,0
1874,0
1875,0
1876,1
1877,0
1878,0
1879,0
1880,0
1881,0
1882,0
1883,1
1884,0
1885,0
1886,0
1887,0
1888,0
1889,0
1890,1
1891,0
1892,0
1893,0
1894,0
1895,0
1896,0
1897,1
1898,0
1899,0
1900,0
1901,0
1902,0
1903,0
1904,1
1905,0
1906,0
1907,0
1908,0
1909,0
1910,0
1911,1
1912,0
1913,0
1914,0
1915,0
1916,0
1917,0
1918,1
1919,0
1920,0
1921,0
1922,0
1923,0
1924,0
1925,1
1926,0
1927,0
1928,0
1929,0
1930,0
1931,0
1932,1
1933,0
1934,0
1935,0
1936,0
1937,0
1938,0
1939,1
1940,0
1941,0
1942,0
1943,0
1944,0
1945,0
1946,1
1947,0
1948,0
1949,0
1950,0
1951,0
1952,0
1953,1
1954,0
1955,0
1956,0
1957,0
1958,0
1959,0
1960,1
1961,0
1962,0
1963,0
1964,0
1965,0
1966,0
1967,1
1968,0
1969,0
1970,0
1971,0
1972,0
1973,0
1974,1
1975,0
1976,0
1977,0
1978,0
1979,0
1980,0
1981,1
1982,0
1983,0
1984,0
1985,0
1986,0
1987,0
1988,1
1989,0
1990,0
1991,0
1992,0
1993,0
1994,0
1995,1
1996,0
1997,0
1998,0
1999,0
2000,0
2001,0
2002,1
2003,0
2004,0
2005,0
2006,0
2007,0
2008,0
2009,1
2010,0
2011,0
2012,0
2013,0
2014,0
2015,0
2016,1
2017,0
2018,0
2019,0
2020,0
2021,0
2022,0
2023,1
2024,0
2025,0
2026,0
2027,0
2028,0
2029,0
2030,1
2031,0
2032,0
2033,0
2034,0
2035,0
2036,0
2037,1
2038,0
2039,0
2040,0
2041,0
2042,0
2043,0
2044,1
2045,0
2046,0
2047,0
2048,0
2049,0
2050,0
2051,1
2052,0
2053,0
2054,0
2055,0
2056,0
2057,0
2058,1
2059,0
2060,0
2061,0
2062,0
2063,0
2064,0
2065,1
2066,0
2067,0
2068,0
2069,0
2070,0
2071,0
2072,1
2073,0
2074,0
2075,0
2076,0
2077,0
2078,0
2079,1
2080,0
2081,0
2082,0
2083,0
2084,0
2085,0
2086,1
2087,0
2088,0
2089,0
2090,0
2091,0
2092,0
2093,1
2094,0
2095,0
2096,0
2097,0
2098,0
2099,0
2100,1
2101,0
2102,0
2103,0
2104,0
2105,0
2106,0
2107,1
2108,0
2109,0
2110,0
2111,0
2112,0
2113,0
2114,1
2115,0
2116,0
2117,0
2118,0
2119,0
2120,0
2121,1
2122,0
2123,0
2124,0
2125,0
2126,0
2127,0
2128,1
2129,0
2130,0
2131,0
2132,0
2133,0
2134,0
2135,1
2136,0
2137,0
2138,0
2139,0
2140,0
2141,0
2142,1
2143,0
2144,0
2145,0
2146,0
2147,0
2148,0
2149,1
2150,0
2151,0
2152,0
2153,0
2154,0
2155,0
2156,1
2157,0
2158,0
2159,0
2160,0
2161,0
2162,0
2163,1
2164,0
2165,0
2166,0
2167,0
2168,0
2169,0
2170,1
2171,0
2172,0
2173,0
2174,0
2175,0
2176,0
2177,1
2178,0
2179,0
2180,0
2181,0
2182,0
2183,0
2184,1
2185,0
2186,0
2187,0
2188,0
2189,0
2190,0
2191,1
2192,0
2193,0
2194,0
2195,0
2196,0
2197,0
2198,1
2199,0
2200,0
2201,0
2202,0
2203,0
2204,0
2205,1
2206,0
2207,0
2208,0
2209,0
2210,0
2211,0
2212,1
2213,0
2214,0
2215,0
2216,0
2217,0
2218,0
2219,1
2220,0
2221,0
2222,0
2223,0
2224,0
2225,0
2226,1
2227,0
2228,0
2229,0
2230,0
2231,0
2232,0
2233,1
2234,0
2235,0
2236,0
2237,0
2238,0
2239,0
2240,1
2241,0
2242,0
2243,0
2244,0
2245,0
2246,0
2247,1
2248,0
2249,0
2250,0
2251,0
2252,0
2253,0
2254,1
2255,0
2256,0
2257,0
2258,0
2259,0
2260,0
2261,1
2262,0
2263,0
2264,0
2265,0
2266,0
2267,0
2268,1
2269,0
2270,0
2271,0
2272,0
2273,0
2274,0
2275,1
2276,0
2277,0
2278,0
2279,0
2280,0
2281,0
2282,1
2283,0
2284,0
2285,0
2286,0
2287,0
2288,0
2289,1
2290,0
2291,0
2292,0
2293,0
2294,0
2295,0
2296,1
2297,0
2298,0
2299,0
2300,0
2301,0
2302,0
2303,1
2304,0
2305,0
2306,0
2307,0
2308,0
2309,0
2310,1
2311,0
2312,0
2313,0
2314,0
2315,0
2316,0
2317,1
2318,0
2319,0
2320,0
2321,0
2322,0
2323,0
2324,1
2325,0
2326,0
2327,0
2328,0
2329,0
2330,0
2331,1
2332,0
2333,0
2334,0
2335,0
2336,0
2337,0
2338,1
2339,0
2340,0
2341,0
2342,0
2343,0
2344,0
2345,1
2346,0
2347,0
2348,0
2349,0
2350,0
2351,0
2352,1
2353,0
2354,0
2355,0
2356,0
2357,0
2358,0
2359,1
2360,0
2361,0
2362,0
2363,0
2364,0
2365,0
2366,1
2367,0
2368,0
2369,0
2370,0
2371,0
2372,0
2373,1
2374,0
2375,0
2376,0
2377,0
2378,0
2379,0
2380,1
2381,0
2382,0
2383,0
2384,0
2385,0
2386,0
2387,1
2388,0
2389,0
2390,0
2391,0
2392,0
2393,0
2394,1
2395,0
2396,0
2397,0
2398,0
2399,0
2400,0
2401,1
2402,0
2403,0
2404,0
2405,0
2406,0
2407,0
2408,1
2409,0
2410,0
2411,0
2412,0
2413,0
2414,0
2415,1
2416,0
2417,0
2418,0
2419,0
2420,0
2421,0
2422,1
2423,0
2424,0
2425,0
2426,0
2427,0
2428,0
2429,1
2430,0
2431,0
2432,0
2433,0
2434,0
2435,0
2436,1
2437,0
2438,0
2439,0
2440,0
2441,0
2442,0
2443,1
2444,0
2445,0
2446,0
2447,0
2448,0
2449,0
2450,1
2451,0
2452,0
2453,0
2454,0
2455,0
2456,0
2457,1
2458,0
2459,0
2460,0
2461,0
2462,0
2463,0
2464,1
2465,0
2466,0
2467,0
2468,0
2469,0
2470,0
2471,1
2472,0
2473,0
2474,0
2475,0
2476,0
2477,0
2478,1
2479,0
2480,0
2481,0
2482,0
2483,0
2484,0
2485,1
2486,0
2487,0
2488,0
2489,0
2490,0
2491,0
2492,1
2493,0
2494,0
2495,0
2496,0
2497,0
2498,0
2499,1
2500,0
2501,0
2502,0
2503,0
2504,0
2505,0
2506,1
2507,0
2508,0
2509,0
2510,0
2511,0
2512,0
2513,1
2514,0
2515,0
2516,0
2517,0
2518,0
2519,0
2520,1
2521,0
2522,0
2523,0
2524,0
2525,0
2526,0
2527,1
2528,0
2529,0
2530,0
2531,0
2532,0
2533,0
2534,1
2535,0
2536,0
2537,0
2538,0
2539,0
2540,0
2541,1
2542,0
2543,0
2544,0
2545,0
2546,0
2547,0
2548,1
2549,0
2550,0
2551,0
2552,0
2553,0
2554,0
2555,1
2556,0
2557,0
2558,0
2559,0
2560,0
2561,0
2562,1
2563,0
2564,0
2565,0
2566,0
2567,0
2568,0
2569,1
2570,0
2571,0
2572,0
2573,0
2574,0
2575,0
2576,1
2577,0
2578,0
2579,0
2580,0
2581,0
2582,0
2583,1
2584,0
2585,0
2586,0
2587,0
2588,0
2589,0
2590,1
2591,0
2592,0
2593,0
2594,0
2595,0
2596,0
2597,1
2598,0
2599,0
2600,0
2601,0
2602,0
2603,0
2604,1
2605,0
2606,0
2607,0
2608,0
2609,0
2610,0
2611,1
2612,0
2613,0
2614,0
2615,0
2616,0
2617,0
2618,1
2619,0
2620,0
2621,0
2622,0
2623,0
2624,0
2625,1
2626,0
2627,0
2628,0
2629,0
2630,0
2631,0
2632,1
2633,0
2634,0
2635,0
2636,0
2637,0
2638,0
2639,1
2640,0
2641,0
2642,0
2643,0
2644,0
2645,0
2646,1
2647,0
2648,0
2649,0
2650,0
2651,0
2652,0
2653,1
2654,0
2655,0
2656,0
2657,0
2658,0
2659,0
2660,1
2661,0
2662,0
2663,0
2664,0
2665,0
2666,0
2667,1
2668,0
2669,0
2670,0
2671,0
2672,0
2673,0
2674,1
2675,0
2676,0
2677,0
2678,0
2679,0
2680,0
2681,1
2682,0
2683,0
2684,0
2685,0
2686,0
2687,0
2688,1
2689,0
2690,0
2691,0
2692,0
2693,0
2694,0
2695,1
2696,0
2697,0
2698,0
2699,0
2700,0
2701,0
2702,1
2703,0
2704,0
2705,0
2706,0
2707,0
2708,0
2709,1
2710,0
2711,0
2712,0
2713,0
2714,0
2715,0
2716,1
2717,0
2718,0
2719,0
2720,0
2721,0
2722,0
2723,1
2724,0
2725,0
2726,0
2727,0
2728,0
2729,0
2730,1
2731,0
2732,0
2733,0
2734,0
2735,0
2736,0
2737,1
2738,0
2739,0
2740,0
2741,0
2742,0
2743,0
2744,1
2745,0
2746,0
2747,0
2748,0
2749,0
2750,0
2751,1
2752,0
2753,0
2754,0
2755,0
2756,0
2757,0
2758,1
2759,0
2760,0
2761,0
2762,0
2763,0
2764,0
2765,1
2766,0
2767,0
2768,0
2769,0
2770,0
2771,0
2772,1
2773,0
2774,0
2775,0
2776,0
2777,0
2778,0
2779,1
2780,0
2781,0
2782,0
2783,0
2784,0
2785,0
2786,1
2787,0
2788,0
2789,0
2790,0
2791,0
2792,0
2793,1
2794,0
2795,0
2796,0
2797,0
2798,0
2799,0
2800,1
2801,0
2802,0
2803,0
2804,0
2805,0
2806,0
2807,1
2808,0
2809,0
2810,0
2811,0
2812,0
2813,0
2814,1
2815,0
2816,0
2817,0
2818,0
2819,0
2820,0
2821,1
2822,0
2823,0
2824,0
2825,0
2826,0
2827,0
2828,1
2829,0
2830,0
2831,0
2832,0
2833,0
2834,0
2835,1
2836,0
2837,0
2838,0
2839,0
2840,0
2841,0
2842,1
2843,0
2844,0
2845,0
2846,0
2847,0
2848,0
2849,1
2850,0
2851,0
2852,0
2853,0
2854,0
2855,0
2856,1
2857,0
2858,0
2859,0
2860,0
2861,0
2862,0
2863,1
2864,0
2865,0
2866,0
2867,0
2868,0
2869,0
2870,1
2871,0
2872,0
2873,0
2874,0
2875,0
2876,0
2877,1
2878,0
2879,0
2880,0
2881,0
2882,0
2883,0
2884,1
2885,0
2886,0
2887,0
2888,0
2889,0
2890,0
2891,1
2892,0
2893,0
2894,0
2895,0
2896,0
2897,0
2898,1
2899,0
2900,0
2901,0
2902,0
2903,0
2904,0
2905,1
2906,0
2907,0
2908,0
2909,0
2910,0
2911,0
2912,1
2913,0
2914,0
2915,0
2916,0
2917,0
2918,0
2919,1
2920,0
2921,0
2922,0
2923,0
2924,0
2925,0
2926,1
2927,0
2928,0
2929,0
2930,0
2931,0
2932,0
2933,1
2934,0
2935,0
2936,0
2937,0
2938,0
2939,0
2940,1
2941,0
2942,0
2943,0
2944,0
2945,0
2946,0
2947,1
2948,0
2949,0
2950,0
2951,0
2952,0
2953,0
2954,1
2955,0
2956,0
2957,0
2958,0
2959,0
2960,0
2961,1
2962,0
2963,0
2964,0
2965,0
2966,0
2967,0
2968,1
2969,0
2970,0
2971,0
2972,0
2973,0
2974,0
2975,1
2976,0
2977,0
2978,0
2979,0
2980,0
2981,0
2982,1
2983,0
2984,0
2985,0
2986,0
2987,0
2988,0
2989,1
2990,0
2991,0
2992,0
2993,0
2994,0
2995,0
2996,1
2997,0
2998,0
2999,0
3000,0
3001,0
3002,0
3003,1
3004,0
3005,0
3006,0
3007,0
3008,0
3009,0
3010,1
3011,0
3012,0
3013,0
3014,0
3015,0
3016,0
3017,1
3018,0
3019,0
3020,0
3021,0
3022,0
3023,0
3024,1
3025,0
3026,0
3027,0
3028,0
3029,0
3030,0
3031,1
3032,0
3033,0
3034,0
3035,0
3036,0
3037,0
3038,1
3039,0
3040,0
3041,0
3042,0
3043,0
3044,0
3045,1
3046,0
3047,0
3048,0
3049,0
3050,0
3051,0
3052,1
3053,0
3054,0
3055,0
3056,0
3057,0
3058,0
3059,1
3060,0
3061,0
3062,0
3063,0
3064,0
3065,0
3066,1
3067,0
3068,0
3069,0
3070,0
3071,0
3072,0
3073,1
3074,0
3075,0
3076,0
3077,0
3078,0
3079,0
3080,1
3081,0
3082,0
3083,0
3084,0
3085,0
3086,0
3087,1
3088,0
3089,0
3090,0
3091,0
3092,0
3093,0
3094,1
3095,0
3096,0
3097,0
3098,0
3099,0
3100,0
3101,1
3102,0
3103,0
3104,0
3105,0
3106,0
3107,0
3108,1
3109,0
3110,0
3111,0
3112,0
3113,0
3114,0
3115,1
3116,0
3117,0
3118,0
3119,0
3120,0
3121,0
3122,1
3123,0
3124,0
3125,0
3126,0
3127,0
3128,0
3129,1
3130,0
3131,0
3132,0
3133,0
3134,0
3135,0
3136,1
3137,0
3138,0
3139,0
3140,0
3141,0
3142,0
3143,1
3144,0
3145,0
3146,0
3147,0
3148,0
3149,0
3150,1
3151,0
3152,0
3153,0
3154,0
3155,0
3156,0
3157,1
3158,0
3159,0
3160,0
3161,0
3162,0
3163,0
3164,1
3165,0
3166,0
3167,0
3168,0
3169,0
3170,0
3171,1
3172,0
3173,0
3174,0
3175,0
3176,0
3177,0
3178,1
3179,0
3180,0
3181,0
3182,0
3183,0
3184,0
3185,1
3186,0
3187,0
3188,0
3189,0
3190,0
3191,0
3192,1
3193,0
3194,0
3195,0
3196,0
3197,0
3198,0
3199,1
3200,0
3201,0
3202,0
3203,0
3204,0
3205,0
3206,1
3207,0
3208,0
3209,0
3210,0
3211,0
3212,0
3213,1
3214,0
3215,0
3216,0
3217,0
3218,0
3219,0
3220,1
3221,0
3222,0
3223,0
3224,0
3225,0
3226,0
3227,1
3228,0
3229,0
3230,0
3231,0
3232,0
3233,0
3234,1
3235,0
3236,0
3237,0
3238,0
3239,0
3240,0
3241,1
3242,0
3243,0
3244,0
3245,0
3246,0
3247,0
3248,1
3249,0
3250,0
3251,0
3252,0
3253,0
3254,0
3255,1
3256,0
3257,0
3258,0
3259,0
3260,0
3261,0
3262,1
3263,0
3264,0
3265,0
3266,0
3267,0
3268,0
3269,1
3270,0
3271,0
3272,0
3273,0
3274,0
3275,0
3276,1
3277,0
3278,0
3279,0
3280,0
3281,0
3282,0
3283,1
3284,0
3285,0
3286,0
3287,0
3288,0
3289,0
3290,1
3291,0
3292,0
3293,0
3294,0
3295,0
3296,0
3297,1
3298,0
3299,0
3300,0
3301,0
3302,0
3303,0
3304,1
3305,0
3306,0
3307,0
3308,0
3309,0
3310,0
3311,1
3312,0
3313,0
3314,0
3315,0
3316,0
3317,0
3318,1
3319,0
3320,0
3321,0
3322,0
3323,0
3324,0
3325,1
3326,0
3327,0
3328,0
3329,0
3330,0
3331,0
3332,1
3333,0
3334,0
3335,0
3336,0
3337,0
3338,0
3339,1
3340,0
3341,0
3342,0
3343,0
3344,0
3345,0
3346,1
3347,0
3348,0
3349,0
3350,0
3351,0
3352,0
3353,1
3354,0
3355,0
3356,0
3357,0
3358,0
3359,0
3360,1
3361,0
3362,0
3363,0
3364,0
3365,0
3366,0
3367,1
3368,0
3369,0
3370,0
3371,0
3372,0
3373,0
3374,1
3375,0
3376,0
3377,0
3378,0
3379,0
3380,0
3381,1
3382,0
3383,0
3384,0
3385,0
3386,0
3387,0
3388,1
3389,0
3390,0
3391,0
3392,0
3393,0
3394,0
3395,1
3396,0
3397,0
3398,0
3399,0
3400,0
3401,0
3402,1
3403,0
3404,0
3405,0
3406,0
3407,0
3408,0
3409,1
3410,0
3411,0
3412,0
3413,0
3414,0
3415,0
3416,1
3417,0
3418,0
3419,0
3420,0
3421,0
3422,0
3423,1
3424,0
3425,0
3426,0
3427,0
3428,0
3429,0
3430,1
3431,0
3432,0
3433,0
3434,0
3435,0
3436,0
3437,1
3438,0
3439,0
3440,0
3441,0
3442,0
3443,0
3444,1
3445,0
3446,0
3447,0
3448,0
3449,0
3450,0
3451,1
3452,0
3453,0
3454,0
3455,0
3456,0
3457,0
3458,1
3459,0
3460,0
3461,0
3462,0
3463,0
3464,0
3465,1
3466,0
3467,0
3468,0
3469,0
3470,0
3471,0
3472,1
3473,0
3474,0
3475,0
3476,0
3477,0
3478,0
3479,1
3480,0
3481,0
3482,0
3483,0
3484,0
3485,0
3486,1
3487,0
3488,0
3489,0
3490,0
3491,0
3492,0
3493,1
3494,0
3495,0
3496,0
3497,0
3498,0
3499,0
3500,1
3501,0
3502,0
3503,0
3504,0
3505,0
3506,0
3507,1
3508,0
3509,0
3510,0
3511,0
3512,0
3513,0
3514,1
3515,0
3516,0
3517,0
3518,0
3519,0
3520,0
3521,1
3522,0
3523,0
3524,0
3525,0
3526,0
3527,0
3528,1
3529,0
3530,0
3531,0
3532,0
3533,0
3534,0
3535,1
3536,0
3537,0
3538,0
3539,0
3540,0
3541,0
3542,1
3543,0
3544,0
3545,0
3546,0
3547,0
3548,0
3549,1
3550,0
3551,0
3552,0
3553,0
3554,0
3555,0
3556,1
3557,0
3558,0
3559,0
3560,0
3561,0
3562,0
3563,1
3564,0
3565,0
3566,0
3567,0
3568,0
3569,0
3570,1
3571,0
3572,0
3573,0
3574,0
3575,0
3576,0
3577,1
3578,0
3579,0
3580,0
3581,0
3582,0
3583,0
3584,1
3585,0
3586,0
3587,0
3588,0
3589,0
3590,0
3591,1
3592,0
3593,0
3594,0
3595,0
3596,0
3597,0
3598,1
3599,0
3600,0
3601,0
3602,0
3603,0
3604,0
3605,1
3606,0
3607,0
3608,0
3609,0
3610,0
3611,0
3612,1
3613,0
3614,0
3615,0
3616,0
3617,0
3618,0
3619,1
3620,0
3621,0
3622,0
3623,0
3624,0
3625,0
3626,1
3627,0
3628,0
3629,0
3630,0
3631,0
3632,0
3633,1
3634,0
3635,0
3636,0
3637,0
3638,0
3639,0
3640,1
3641,0
3642,0
3643,0
3644,0
3645,0
3646,0
3647,1
3648,0
3649,0
3650,0
3651,0
3652,0
3653,0
3654,1
3655,0
3656,0
3657,0
3658,0
3659,0
3660,0
3661,1
3662,0
3663,0
3664,0
3665,0
3666,0
3667,0
3668,1
3669,0
3670,0
3671,0
3672,0
3673,0
3674,0
3675,1
3676,0
3677,0
3678,0
3679,0
3680,0
3681,0
3682,1
3683,0
3684,0
3685,0
3686,0
3687,0
3688,0
3689,1
3690,0
3691,0
3692,0
3693,0
3694,0
3695,0
3696,1
3697,0
3698,0
3699,0
3700,0
3701,0
3702,0
3703,1
3704,0
3705,0
3706,0
3707,0
3708,0
3709,0
3710,1
3711,0
3712,0
3713,0
3714,0
3715,0
3716,0
3717,1
3718,0
3719,0
3720,0
3721,0
3722,0
3723,0
3724,1
3725,0
3726,0
3727,0
3728,0
3729,0
3730,0
3731,1
3732,0
3733,0
3734,0
3735,0
3736,0
3737,0
3738,1
3739,0
3740,0
3741,0
3742,0
3743,0
3744,0
3745,1
3746,0
3747,0
3748,0
3749,0
3750,0
3751,0
3752,1
3753,0
3754,0
3755,0
3756,0
3757,0
3758,0
3759,1
3760,0
3761,0
3762,0
3763,0
3764,0
3765,0
3766,1
3767,0
3768,0
3769,0
3770,0
3771,0
3772,0
3773,1
3774,0
3775,0
3776,0
3777,0
3778,0
3779,0
3780,1
3781,0
3782,0
3783,0
3784,0
3785,0
3786,0
3787,1
3788,0
3789,0
3790,0
3791,0
3792,0
3793,0
3794,1
3795,0
3796,0
3797,0
3798,0
3799,0
3800,0
3801,1
3802,0
3803,0
3804,0
3805,0
3806,0
3807,0
3808,1
3809,0
3810,0
3811,0
3812,0
3813,0
3814,0
3815,1
3816,0
3817,0
3818,0
3819,0
3820,0
3821,0
3822,1
3823,0
3824,0
3825,0
3826,0
3827,0
3828,0
3829,1
3830,0
3831,0
3832,0
3833,0
3834,0
3835,0
3836,1
3837,0
3838,0
3839,0
3840,0
3841,0
3842,0
3843,1
3844,0
3845,0
3846,0
3847,0
3848,0
3849,0
3850,1
3851,0
3852,0
3853,0
3854,0
3855,0
3856,0
3857,1
3858,0
3859,0
3860,0
3861,0
3862,0
3863,0
3864,1
3865,0
3866,0
3867,0
3868,0
3869,0
3870,0
3871,1
3872,0
3873,0
3874,0
3875,0
3876,0
3877,0
3878,1
3879,0
3880,0
3881,0
3882,0
3883,0
3884,0
3885,1
3886,0
3887,0
3888,0
3889,0
3890,0
3891,0
3892,1
3893,0
3894,0
3895,0
3896,0
3897,0
3898,0
3899,1
3900,0
3901,0
3902,0
3903,0
3904,0
3905,0
3906,1
3907,0
3908,0
3909,0
3910,0
3911,0
3912,0
3913,1
3914,0
3915,0
3916,0
3917,0
3918,0
3919,0
3920,1
3921,0
3922,0
3923,0
3924,0
3925,0
3926,0
3927,1
3928,0
3929,0
3930,0
3931,0
3932,0
3933,0
3934,1
3935,0
3936,0
3937,0
3938,0
3939,0
3940,0
3941,1
3942,0
3943,0
3944,0
3945,0
3946,0
3947,0
3948,1
3949,0
3950,0
3951,0
3952,0
3953,0
3954,0
3955,1
3956,0
3957,0
3958,0
3959,0
3960,0
3961,0
3962,1
3963,0
3964,0
3965,0
3966,0
3967,0
3968,0
3969,1
3970,0
3971,0
3972,0
3973,0
3974,0
3975,0
3976,1
3977,0
3978,0
3979,0
3980,0
3981,0
3982,0
3983,1
3984,0
3985,0
3986,0
3987,0
3988,0
3989,0
3990,1
3991,0
3992,0
3993,0
3994,0
3995,0
3996,0
3997,1
3998,0
3999,0
4000,0
4001,0
4002,0
4003,0
4004,1
4005,0
4006,0
4007,0
4008,0
4009,0
4010,0
4011,1
4012,0
4013,0
4014,0
4015,0
4016,0
4017,0
4018,1
4019,0
4020,0
4021,0
4022,0
4023,0
4024,0
4025,1
4026,0
4027,0
4028,0
4029,0
4030,0
4031,0
4032,1
4033,0
4034,0
4035,0
4036,0
4037,0
4038,0
4039,1
4040,0
4041,0
4042,0
4043,0
4044,0
4045,0
4046,1
4047,0
4048,0
4049,0
4050,0
4051,0
4052,0
4053,1
4054,0
4055,0
4056,0
4057,0
4058,0
4059,0
4060,1
4061,0
4062,0
4063,0
4064,0
4065,0
4066,0
4067,1
4068,0
4069,0
4070,0
4071,0
4072,0
4073,0
4074,1
4075,0
4076,0
4077,0
4078,0
4079,0
4080,0
4081,1
4082,0
4083,0
4084,0
4085,0
4086,0
4087,0
4088,1
4089,0
4090,0
4091,0
4092,0
4093,0
4094,0
4095,1
4096,0
4097,0
4098,0
4099,0
4100,0
4101,0
4102,1
4103,0
4104,0
4105,0
4106,0
4107,0
4108,0
4109,1
4110,0
4111,0
4112,0
4113,0
4114,0
4115,0
4116,1
4117,0
4118,0
4119,0
4120,0
4121,0
4122,0
4123,1
4124,0
4125,0
4126,0
4127,0
4128,0
4129,0
4130,1
4131,0
4132,0
4133,0
4134,0
4135,0
4136,0
4137,1
4138,0
4139,0
4140,0
4141,0
4142,0
4143,0
4144,1
4145,0
4146,0
4147,0
4148,0
4149,0
4150,0
4151,1
4152,0
4153,0
4154,0
4155,0
4156,0
4157,0
4158,1
4159,0
4160,0
4161,0
4162,0
4163,0
4164,0
4165,1
4166,0
4167,0
4168,0
4169,0
4170,0
4171,0
4172,1
4173,0
4174,0
4175,0
4176,0
4177,0
4178,0
4179,1
4180,0
4181,0
4182,0
4183,0
4184,0
4185,0
4186,1
4187,0
4188,0
4189,0
4190,0
4191,0
4192,0
4193,1
4194,0
4195,0
4196,0
4197,0
4198,0
4199,0
4200,1
4201,0
4202,0
4203,0
4204,0
4205,0
4206,0
4207,1
4208,0
4209,0
4210,0
4211,0
4212,0
4213,0
4214,1
4215,0
4216,0
4217,0
4218,0
4219,0
4220,0
4221,1
4222,0
4223,0
4224,0
4225,0
4226,0
4227,0
4228,1
4229,0
4230,0
4231,0
4232,0
4233,0
4234,0
4235,1
4236,0
4237,0
4238,0
4239,0
4240,0
4241,0
4242,1
4243,0
4244,0
4245,0
4246,0
4247,0
4248,0
4249,1
4250,0
4251,0
4252,0
4253,0
4254,0
4255,0
4256,1
4257,0
4258,0
4259,0
4260,0
4261,0
4262,0
4263,1
4264,0
4265,0
4266,0
4267,0
4268,0
4269,0
4270,1
4271,0
4272,0
4273,0
4274,0
4275,0
4276,0
4277,1
4278,0
4279,0
4280,0
4281,0
4282,0
4283,0
4284,1
4285,0
4286,0
4287,0
4288,0
4289,0
4290,0
4291,1
4292,0
4293,0
4294,0
4295,0
4296,0
4297,0
4298,1
4299,0
4300,0
4301,0
4302,0
4303,0
4304,0
4305,1
4306,0
4307,0
4308,0
4309,0
4310,0
4311,0
4312,1
4313,0
4314,0
4315,0
4316,0
4317,0
4318,0
4319,1
4320,0
4321,0
4322,0
4323,0
4324,0
4325,0
4326,1
4327,0
4328,0
4329,0
4330,0
4331,0
4332,0
4333,1
4334,0
4335,0
4336,0
4337,0
4338,0
4339,0
4340,1
4341,0
4342,0
4343,0
4344,0
4345,0
4346,0
4347,1
4348,0
4349,0
4350,0
4351,0
4352,0
4353,0
4354,1
4355,0
4356,0
4357,0
4358,0
4359,0
4360,0
4361,1
4362,0
4363,0
4364,0
4365,0
4366,0
4367,0
4368,1
4369,0
4370,0
4371,0
4372,0
4373,0
4374,0
4375,1
4376,0
4377,0
4378,0
4379,0
4380,0
4381,0
4382,1
4383,0
4384,0
4385,0
4386,0
4387,0
4388,0
4389,1
4390,0
4391,0
4392,0
4393,0
4394,0
4395,0
4396,1
4397,0
4398,0
4399,0
4400,0
4401,0
4402,0
4403,1
4404,0
4405,0
4406,0
4407,0
4408,0
4409,0
4410,1
4411,0
4412,0
4413,0
4414,0
4415,0
4416,0
4417,1
4418,0
4419,0
4420,0
4421,0
4422,0
4423,0
4424,1
4425,0
4426,0
4427,0
4428,0
4429,0
4430,0
4431,1
4432,0
4433,0
4434,0
4435,0
4436,0
4437,0
4438,1
4439,0
4440,0
4441,0
4442,0
4443,0
4444,0
4445,1
4446,0
4447,0
4448,0
4449,0
4450,0
4451,0
4452,1
4453,0
4454,0
4455,0
4456,0
4457,0
4458,0
4459,1
4460,0
4461,0
4462,0
4463,0
4464,0
4465,0
4466,1
4467,0
4468,0
4469,0
4470,0
4471,0
4472,0
4473,1
4474,0
4475,0
4476,0
4477,0
4478,0
4479,0
4480,1
4481,0
4482,0
4483,0
4484,0
4485,0
4486,0
4487,1
4488,0
4489,0
4490,0
4491,0
4492,0
4493,0
4494,1
4495,0
4496,0
4497,0
4498,0
4499,0
4500,0
4501,1
4502,0
4503,0
4504,0
4505,0
4506,0
4507,0
4508,1
4509,0
4510,0
4511,0
4512,0
4513,0
4514,0
4515,1
4516,0
4517,0
4518,0
4519,0
4520,0
4521,0
4522,1
4523,0
4524,0
4525,0
4526,0
4527,0
4528,0
4529,1
4530,0
4531,0
4532,0
4533,0
4534,0
4535,0
4536,1
4537,0
4538,0
4539,0
4540,0
4541,0
4542,0
4543,1
4544,0
4545,0
4546,0
4547,0
4548,0
4549,0
4550,1
4551,0
4552,0
4553,0
4554,0
4555,0
4556,0
4557,1
4558,0
4559,0
4560,0
4561,0
4562,0
4563,0
4564,1
4565,0
4566,0
4567,0
4568,0
4569,0
4570,0
4571,1
4572,0
4573,0
4574,0
4575,0
4576,0
4577,0
4578,1
4579,0
4580,0
4581,0
4582,0
4583,0
4584,0
4585,1
4586,0
4587,0
4588,0
4589,0
4590,0
4591,0
4592,1
4593,0
4594,0
4595,0
4596,0
4597,0
4598,0
4599,1
4600,0
4601,0
4602,0
4603,0
4604,0
4605,0
4606,1
4607,0
4608,0
4609,0
4610,0
4611,0
4612,0
4613,1
4614,0
4615,0
4616,0
4617,0
4618,0
4619,0
4620,1
4621,0
4622,0
4623,0
4624,0
4625,0
4626,0
4627,1
4628,0
4629,0
4630,0
4631,0
4632,0
4633,0
4634,1
4635,0
4636,0
4637,0
4638,0
4639,0
4640,0
4641,1
4642,0
4643,0
4644,0
4645,0
4646,0
4647,0
4648,1
4649,0
4650,0
4651,0
4652,0
4653,0
4654,0
4655,1
4656,0
4657,0
4658,0
4659,0
4660,0
4661,0
4662,1
4663,0
4664,0
4665,0
4666,0
4667,0
4668,0
4669,1
4670,0
4671,0
4672,0
4673,0
4674,0
4675,0
4676,1
4677,0
4678,0
4679,0
4680,0
4681,0
4682,0
4683,1
4684,0
4685,0
4686,0
4687,0
4688,0
4689,0
4690,1
4691,0
4692,0
4693,0
4694,0
4695,0
4696,0
4697,1
4698,0
4699,0
4700,0
4701,0
4702,0
4703,0
4704,1
4705,0
4706,0
4707,0
4708,0
4709,0
4710,0
4711,1
4712,0
4713,0
4714,0
4715,0
4716,0
4717,0
4718,1
4719,0
4720,0
4721,0
4722,0
4723,0
4724,0
4725,1
4726,0
4727,0
4728,0
4729,0
4730,0
4731,0
4732,1
4733,0
4734,0
4735,0
4736,0
4737,0
4738,0
4739,1
4740,0
4741,0
4742,0
4743,0
4744,0
4745,0
4746,1
4747,0
4748,0
4749,0
4750,0
4751,0
4752,0
4753,1
4754,0
4755,0
4756,0
4757,0
4758,0
4759,0
4760,1
4761,0
4762,0
4763,0
4764,0
4765,0
4766,0
4767,1
4768,0
4769,0
4770,0
4771,0
4772,0
4773,0
4774,1
4775,0
4776,0
4777,0
4778,0
4779,0
4780,0
4781,1
4782,0
4783,0
4784,0
4785,0
4786,0
4787,0
4788,1
4789,0
4790,0
4791,0
4792,0
4793,0
4794,0
4795,1
4796,0
4797,0
4798,0
4799,0
4800,0
4801,0
4802,1
4803,0
4804,0
4805,0
4806,0
4807,0
4808,0
4809,1
4810,0
4811,0
4812,0
4813,0
4814,0
4815,0
4816,1
4817,0
4818,0
4819,0
4820,0
4821,0
4822,0
4823,1
4824,0
4825,0
4826,0
4827,0
4828,0
4829,0
4830,1
4831,0
4832,0
4833,0
4834,0
4835,0
4836,0
4837,1
4838,0
4839,0
4840,0
4841,0
4842,0
4843,0
4844,1
4845,0
4846,0
4847,0
4848,0
4849,0
4850,0
4851,1
4852,0
4853,0
4854,0
4855,0
4856,0
4857,0
4858,1
4859,0
4860,0
4861,0
4862,0
4863,0
4864,0
4865,1
4866,0
4867,0
4868,0
4869,0
4870,0
4871,0
4872,1
4873,0
4874,0
4875,0
4876,0
4877,0
4878,0
4879,1
4880,0
4881,0
4882,0
4883,0
4884,0
4885,0
4886,1
4887,0
4888,0
4889,0
4890,0
4891,0
4892,0
4893,1
4894,0
4895,0
4896,0
4897,0
4898,0
4899,0
4900,1
4901,0
4902,0
4903,0
4904,0
4905,0
4906,0
4907,1
4908,0
4909,0
4910,0
4911,0
4912,0
4913,0
4914,1
4915,0
4916,0
4917,0
4918,0
4919,0
4920,0
4921,1
4922,0
4923,0
4924,0
4925,0
4926,0
4927,0
4928,1
4929,0
4930,0
4931,0
4932,0
4933,0
4934,0
4935,1
4936,0
4937,0
4938,0
4939,0
4940,0
4941,0
4942,1
4943,0
4944,0
4945,0
4946,0
4947,0
4948,0
4949,1
4950,0
4951,0
4952,0
4953,0
4954,0
4955,0
4956,1
4957,0
4958,0
4959,0
4960,0
4961,0
4962,0
4963,1
4964,0
4965,0
4966,0
4967,0
4968,0
4969,0
4970,1
4971,0
4972,0
4973,0
4974,0
4975,0
4976,0
4977,1
4978,0
4979,0
4980,0
4981,0
4982,0
4983,0
4984,1
4985,0
4986,0
4987,0
4988,0
4989,0
4990,0
4991,1
4992,0
4993,0
4994,0
4995,0
4996,0
4997,0
4998,1
4999,0
5000,0
5001,0
5002,0
5003,0
5004,0
5005,1
5006,0
5007,0
5008,0
5009,0
5010,0
5011,0
5012,1
5013,0
5014,0
5015,0
5016,0
5017,0
5018,0
5019,1
5020,0
5021,0
5022,0
5023,0
5024,0
5025,0
5026,1
5027,0
5028,0
5029,0
5030,0
5031,0
5032,0
5033,1
5034,0
5035,0
5036,0
5037,0
5038,0
5039,0
5040,1
5041,0
5042,0
5043,0
5044,0
5045,0
5046,0
5047,1
5048,0
5049,0
5050,0
5051,0
5052,0
5053,0
5054,1
5055,0
5056,0
5057,0
5058,0
5059,0
5060,0
5061,1
5062,0
5063,0
5064,0
5065,0
5066,0
5067,0
5068,1
5069,0
5070,0
5071,0
5072,0
5073,0
5074,0
5075,1
5076,0
5077,0
5078,0
5079,0
5080,0
5081,0
5082,1
5083,0
5084,0
5085,0
5086,0
5087,0
5088,0
5089,1
5090,0
5091,0
5092,0
5093,0
5094,0
5095,0
5096,1
5097,0
5098,0
5099,0
5100,0
5101,0
5102,0
5103,1
5104,0
5105,0
5106,0
5107,0
5108,0
5109,0
5110,1
5111,0
5112,0
5113,0
5114,0
5115,0
5116,0
5117,1
5118,0
5119,0
5120,0
5121,0
5122,0
5123,0
5124,1
5125,0
5126,0
5127,0
5128,0
5129,0
5130,0
5131,1
5132,0
5133,0
5134,0
5135,0
5136,0
5137,0
5138,1
5139,0
5140,0
5141,0
5142,0
5143,0
5144,0
5145,1
5146,0
5147,0
5148,0
5149,0
5150,0
5151,0
5152,1
5153,0
5154,0
5155,0
5156,0
5157,0
5158,0
5159,1
5160,0
5161,0
5162,0
5163,0
5164,0
5165,0
5166,1
5167,0
5168,0
5169,0
5170,0
5171,0
5172,0
5173,1
5174,0
5175,0
5176,0
5177,0
5178,0
5179,0
5180,1
5181,0
5182,0
5183,0
5184,0
5185,0
5186,0
5187,1
5188,0
5189,0
5190,0
5191,0
5192,0
5193,0
5194,1
5195,0
5196,0
5197,0
5198,0
5199,0
5200,0
5201,1
5202,0
5203,0
5204,0
5205,0
5206,0
5207,0
5208,1
5209,0
5210,0
5211,0
5212,0
5213,0
5214,0
5215,1
5216,0
5217,0
5218,0
5219,0
5220,0
5221,0
5222,1
5223,0
5224,0
5225,0
5226,0
5227,0
5228,0
5229,1
5230,0
5231,0
5232,0
5233,0
5234,0
5235,0
5236,1
5237,0
5238,0
5239,0
5240,0
5241,0
5242,0
5243,1
5244,0
5245,0
5246,0
5247,0
5248,0
5249,0
5250,1
5251,0
5252,0
5253,0
5254,0
5255,0
5256,0
5257,1
5258,0
5259,0
5260,0
5261,0
5262,0
5263,0
5264,1
5265,0
5266,0
5267,0
5268,0
5269,0
5270,0
5271,1
5272,0
5273,0
5274,0
5275,0
5276,0
5277,0
5278,1
5279,0
5280,0
5281,0
5282,0
5283,0
5284,0
5285,1
5286,0
5287,0
5288,0
5289,0
5290,0
5291,0
5292,1
5293,0
5294,0
5295,0
5296,0
5297,0
5298,0
5299,1
5300,0
5301,0
5302,0
5303,0
5304,0
5305,0
5306,1
5307,0
5308,0
5309,0
5310,0
5311,0
5312,0
5313,1
5314,0
5315,0
5316,0
5317,0
5318,0
5319,0
5320,1
5321,0
5322,0
5323,0
5324,0
5325,0
5326,0
5327,1
5328,0
5329,0
5330,0
5331,0
5332,0
5333,0
5334,1
5335,0
5336,0
5337,0
5338,0
5339,0
5340,0
5341,1
5342,0
5343,0
5344,0
5345,0
5346,0
5347,0
5348,1
5349,0
5350,0
5351,0
5352,0
5353,0
5354,0
5355,1
5356,0
5357,0
5358,0
5359,0
5360,0
5361,0
5362,1
5363,0
5364,0
5365,0
5366,0
5367,0
5368,0
5369,1
5370,0
5371,0
5372,0
5373,0
5374,0
5375,0
5376,1
5377,0
5378,0
5379,0
5380,0
5381,0
5382,0
5383,1
5384,0
5385,0
5386,0
5387,0
5388,0
5389,0
5390,1
5391,0
5392,0
5393,0
5394,0
5395,0
5396,0
5397,1
5398,0
5399,0
5400,0
5401,0
5402,0
5403,0
5404,1
5405,0
5406,0
5407,0
5408,0
5409,0
5410,0
5411,1
5412,0
5413,0
5414,0
5415,0
5416,0
5417,0
5418,1
5419,0
5420,0
5421,0
5422,0
5423,0
5424,0
5425,1
5426,0
5427,0
5428,0
5429,0
5430,0
5431,0
5432,1
5433,0
5434,0
5435,0
5436,0
5437,0
5438,0
5439,1
5440,0
5441,0
5442,0
5443,0
5444,0
5445,0
5446,1
5447,0
5448,0
5449,0
5450,0
5451,0
5452,0
5453,1
5454,0
5455,0
5456,0
5457,0
5458,0
5459,0
5460,1
5461,0
5462,0
5463,0
5464,0
5465,0
5466,0
5467,1
5468,0
5469,0
5470,0
5471,0
5472,0
5473,0
5474,1
5475,0
5476,0
5477,0
5478,0
5479,0
5480,0
5481,1
5482,0
5483,0
5484,0
5485,0
5486,0
5487,0
5488,1
5489,0
5490,0
5491,0
5492,0
5493,0
5494,0
5495,1
5496,0
5497,0
5498,0
5499,0
5500,0
5501,0
5502,1
5503,0
5504,0
5505,0
5506,0
5507,0
5508,0
5509,1
5510,0
5511,0
5512,0
5513,0
5514,0
5515,0
5516,1
5517,0
5518,0
5519,0
5520,0
5521,0
5522,0
5523,1
5524,0
5525,0
5526,0
5527,0
5528,0
5529,0
5530,1
5531,0
5532,0
5533,0
5534,0
5535,0
5536,0
5537,1
5538,0
5539,0
5540,0
5541,0
5542,0
5543,0
5544,1
5545,0
5546,0
5547,0
5548,0
5549,0
5550,0
5551,1
5552,0
5553,0
5554,0
5555,0
5556,0
5557,0
5558,1
5559,0
5560,0
5561,0
5562,0
5563,0
5564,0
5565,1
5566,0
5567,0
5568,0
5569,0
5570,0
5571,0
5572,1
5573,0
5574,0
5575,0
5576,0
5577,0
5578,0
5579,1
5580,0
5581,0
5582,0
5583,0
5584,0
5585,0
5586,1
5587,0
5588,0
5589,0
5590,0
5591,0
5592,0
5593,1
5594,0
5595,0
5596,0
5597,0
5598,0
5599,0
5600,1
5601,0
5602,0
5603,0
5604,0
5605,0
5606,0
5607,1
5608,0
5609,0
5610,0
5611,0
5612,0
5613,0
5614,1
5615,0
5616,0
5617,0
5618,0
5619,0
5620,0
5621,1
5622,0
5623,0
5624,0
5625,0
5626,0
5627,0
5628,1
5629,0
5630,0
5631,0
5632,0
5633,0
5634,0
5635,1
5636,0
5637,0
5638,0
5639,0
5640,0
5641,0
5642,1
5643,0
5644,0
5645,0
5646,0
5647,0
5648,0
5649,1
5650,0
5651,0
5652,0
5653,0
5654,0
5655,0
5656,1
5657,0
5658,0
5659,0
5660,0
5661,0
5662,0
5663,1
5664,0
5665,0
5666,0
5667,0
5668,0
5669,0
5670,1
5671,0
5672,0
5673,0
5674,0
5675,0
5676,0
5677,1
5678,0
5679,0
5680,0
5681,0
5682,0
5683,0
5684,1
5685,0
5686,0
5687,0
5688,0
5689,0
5690,0
5691,1
5692,0
5693,0
5694,0
5695,0
5696,0
5697,0
5698,1
5699,0
5700,0
5701,0
5702,0
5703,0
5704,0
5705,1
5706,0
5707,0
5708,0
5709,0
5710,0
5711,0
5712,1
5713,0
5714,0
5715,0
5716,0
5717,0
5718,0
5719,1
5720,0
5721,0
5722,0
5723,0
5724,0
5725,0
5726,1
5727,0
5728,0
5729,0
5730,0
5731,0
5732,0
5733,1
5734,0
5735,0
5736,0
5737,0
5738,0
5739,0
5740,1
5741,0
5742,0
5743,0
5744,0
5745,0
5746,0
5747,1
5748,0
5749,0
5750,0
5751,0
5752,0
5753,0
5754,1
5755,0
5756,0
5757,0
5758,0
5759,0
5760,0
5761,1
5762,0
5763,0
5764,0
5765,0
5766,0
5767,0
5768,1
5769,0
5770,0
5771,0
5772,0
5773,0
5774,0
5775,1
5776,0
5777,0
5778,0
5779,0
5780,0
5781,0
5782,1
5783,0
5784,0
5785,0
5786,0
5787,0
5788,0
5789,1
5790,0
5791,0
5792,0
5793,0
5794,0
5795,0
5796,1
5797,0
5798,0
5799,0
5800,0
5801,0
5802,0
5803,1
5804,0
5805,0
5806,0
5807,0
5808,0
5809,0
5810,1
5811,0
5812,0
5813,0
5814,0
5815,0
5816,0
5817,1
5818,0
5819,0
5820,0
5821,0
5822,0
5823,0
5824,1
5825,0
5826,0
5827,0
5828,0
5829,0
5830,0
5831,1
5832,0
5833,0
5834,0
5835,0
5836,0
5837,0
5838,1
5839,0
5840,0
5841,0
5842,0
5843,0
5844,0
5845,1
5846,0
5847,0
5848,0
5849,0
5850,0
5851,0
5852,1
5853,0
5854,0
5855,0
5856,0
5857,0
5858,0
5859,1
5860,0
5861,0
5862,0
5863,0
5864,0
5865,0
5866,1
5867,0
5868,0
5869,0
5870,0
5871,0
5872,0
5873,1
5874,0
5875,0
5876,0
5877,0
5878,0
5879,0
5880,1
5881,0
5882,0
5883,0
5884,0
5885,0
5886,0
5887,1
5888,0
5889,0
5890,0
5891,0
5892,0
5893,0
5894,1
5895,0
5896,0
5897,0
5898,0
5899,0
5900,0
5901,1
5902,0
5903,0
5904,0
5905,0
5906,0
5907,0
5908,1
5909,0
5910,0
5911,0
5912,0
5913,0
5914,0
5915,1
5916,0
5917,0
5918,0
5919,0
5920,0
5921,0
5922,1
5923,0
5924,0
5925,0
5926,0
5927,0
5928,0
5929,1
5930,0
5931,0
5932,0
5933,0
5934,0
5935,0
5936,1
5937,0
5938,0
5939,0
5940,0
5941,0
5942,0
5943,1
5944,0
5945,0
5946,0
5947,0
5948,0
5949,0
5950,1
5951,0
5952,0
5953,0
5954,0
5955,0
5956,0
5957,1
5958,0
5959,0
5960,0
5961,0
5962,0
5963,0
5964,1
5965,0
5966,0
5967,0
5968,0
5969,0
5970,0
5971,1
5972,0
5973,0
5974,0
5975,0
5976,0
5977,0
5978,1
5979,0
5980,0
5981,0
5982,0
5983,0
5984,0
5985,1
5986,0
5987,0
5988,0
5989,0
5990,0
5991,0
5992,1
5993,0
5994,0
5995,0
5996,0
5997,0
5998,0
5999,1
6000,0
6001,0
6002,0
6003,0
6004,0
6005,0
6006,1
6007,0
6008,0
6009,0
6010,0
6011,0
6012,0
6013,1
6014,0
6015,0
6016,0
6017,0
6018,0
6019,0
6020,1
6021,0
6022,0
6023,0
6024,0
6025,0
6026,0
6027,1
6028,0
6029,0
6030,0
6031,0
6032,0
6033,0
6034,1
6035,0
6036,0
6037,0
6038,0
6039,0
6040,0
6041,1
6042,0
6043,0
6044,0
6045,0
6046,0
6047,0
6048,1
6049,0
6050,0
6051,0
6052,0
6053,0
6054,0
6055,1
6056,0
6057,0
6058,0
6059,0
6060,0
6061,0
6062,1
6063,0
6064,0
6065,0
6066,0
6067,0
6068,0
6069,1
6070,0
6071,0
6072,0
6073,0
6074,0
6075,0
6076,1
6077,0
6078,0
6079,0
6080,0
6081,0
6082,0
6083,1
6084,0
6085,0
6086,0
6087,0
6088,0
6089,0
6090,1
6091,0
6092,0
6093,0
6094,0
6095,0
6096,0
6097,1
6098,0
6099,0
6100,0
6101,0
6102,0
6103,0
6104,1
6105,0
6106,0
6107,0
6108,0
6109,0
6110,0
6111,1
6112,0
6113,0
6114,0
6115,0
6116,0
6117,0
6118,1
6119,0
6120,0
6121,0
6122,0
6123,0
6124,0
6125,1
6126,0
6127,0
6128,0
6129,0
6130,0
6131,0
6132,1
6133,0
6134,0
6135,0
6136,0
6137,0
6138,0
6139,1
6140,0
6141,0
6142,0
6143,0
6144,0
6145,0
6146,1
6147,0
6148,0
6149,0
6150,0
6151,0
6152,0
6153,1
6154,0
6155,0
6156,0
6157,0
6158,0
6159,0
6160,1
6161,0
6162,0
6163,0
6164,0
6165,0
6166,0
6167,1
6168,0
6169,0
6170,0
6171,0
6172,0
6173,0
6174,1
6175,0
6176,0
6177,0
6178,0
6179,0
6180,0
6181,1
6182,0
6183,0
6184,0
6185,0
6186,0
6187,0
6188,1
6189,0
6190,0
6191,0
6192,0
6193,0
6194,0
6195,1
6196,0
6197,0
6198,0
6199,0
6200,0
6201,0
6202,1
6203,0
6204,0
6205,0
6206,0
6207,0
6208,0
6209,1
6210,0
6211,0
6212,0
6213,0
6214,0
6215,0
6216,1
6217,0
6218,0
6219,0
6220,0
6221,0
6222,0
6223,1
6224,0
6225,0
6226,0
6227,0
6228,0
6229,0
6230,1
6231,0
6232,0
6233,0
6234,0
6235,0
6236,0
6237,1
6238,0
6239,0
6240,0
6241,0
6242,0
6243,0
6244,1
6245,0
6246,0
6247,0
6248,0
6249,0
6250,0
6251,1
6252,0
6253,0
6254,0
6255,0
6256,0
6257,0
6258,1
6259,0
6260,0
6261,0
6262,0
6263,0
6264,0
6265,1
6266,0
6267,0
6268,0
6269,0
6270,0
6271,0
6272,1
6273,0
6274,0
6275,0
6276,0
6277,0
6278,0
6279,1
6280,0
6281,0
6282,0
6283,0
6284,0
6285,0
6286,1
6287,0
6288,0
6289,0
6290,0
6291,0
6292,0
6293,1
6294,0
6295,0
6296,0
6297,0
6298,0
6299,0
6300,1
6301,0
6302,0
6303,0
6304,0
6305,0
6306,0
6307,1
6308,0
6309,0
6310,0
6311,0
6312,0
6313,0
6314,1
6315,0
6316,0
6317,0
6318,0
6319,0
6320,0
6321,1
6322,0
6323,0
6324,0
6325,0
6326,0
6327,0
6328,1
6329,0
6330,0
6331,0
6332,0
6333,0
6334,0
6335,1
6336,0
6337,0
6338,0
6339,0
6340,0
6341,0
6342,1
6343,0
6344,0
6345,0
6346,0
6347,0
6348,0
6349,1
6350,0
6351,0
6352,0
6353,0
6354,0
6355,0
6356,1
6357,0
6358,0
6359,0
6360,0
6361,0
6362,0
6363,1
6364,0
6365,0
6366,0
6367,0
6368,0
6369,0
6370,1
6371,0
6372,0
6373,0
6374,0
6375,0
6376,0
6377,1
6378,0
6379,0
6380,0
6381,0
6382,0
6383,0
6384,1
6385,0
6386,0
6387,0
6388,0
6389,0
6390,0
6391,1
6392,0
6393,0
6394,0
6395,0
6396,0
6397,0
6398,1
6399,0
6400,0
6401,0
6402,0
6403,0
6404,0
6405,1
6406,0
6407,0
6408,0
6409,0
6410,0
6411,0
6412,1
6413,0
6414,0
6415,0
6416,0
6417,0
6418,0
6419,1
6420,0
6421,0
6422,0
6423,0
6424,0
6425,0
6426,1
6427,0
6428,0
6429,0
6430,0
6431,0
6432,0
6433,1
6434,0
6435,0
6436,0
6437,0
6438,0
6439,0
6440,1
6441,0
6442,0
6443,0
6444,0
6445,0
6446,0
6447,1
6448,0
6449,0
6450,0
6451,0
6452,0
6453,0
6454,1
6455,0
6456,0
6457,0
6458,0
6459,0
6460,0
6461,1
6462,0
6463,0
6464,0
6465,0
6466,0
6467,0
6468,1
6469,0
6470,0
6471,0
6472,0
6473,0
6474,0
6475,1
6476,0
6477,0
6478,0
6479,0
6480,0
6481,0
6482,1
6483,0
6484,0
6485,0
6486,0
6487,0
6488,0
6489,1
6490,0
6491,0
6492,0
6493,0
6494,0
6495,0
6496,1
6497,0
6498,0
6499,0
6500,0
6501,0
6502,0
6503,1
6504,0
6505,0
6506,0
6507,0
6508,0
6509,0
6510,1
6511,0
6512,0
6513,0
6514,0
6515,0
6516,0
6517,1
6518,0
6519,0
6520,0
6521,0
6522,0
6523,0
6524,1
6525,0
6526,0
6527,0
6528,0
6529,0
6530,0
6531,1
6532,0
6533,0
6534,0
6535,0
6536,0
6537,0
6538,1
6539,0
6540,0
6541,0
6542,0
6543,0
6544,0
6545,1
6546,0
6547,0
6548,0
6549,0
6550,0
6551,0
6552,1
6553,0
6554,0
6555,0
6556,0
6557,0
6558,0
6559,1
6560,0
6561,0
6562,0
6563,0
6564,0
6565,0
6566,1
6567,0
6568,0
6569,0
6570,0
6571,0
6572,0
6573,1
6574,0
6575,0
6576,0
6577,0
6578,0
6579,0
6580,1
6581,0
6582,0
6583,0
6584,0
6585,0
6586,0
6587,1
6588,0
6589,0
6590,0
6591,0
6592,0
6593,0
6594,1
6595,0
6596,0
6597,0
6598,0
6599,0
6600,0
6601,1
6602,0
6603,0
6604,0
6605,0
6606,0
6607,0
6608,1
6609,0
6610,0
6611,0
6612,0
6613,0
6614,0
6615,1
6616,0
6617,0
6618,0
6619,0
6620,0
6621,0
6622,1
6623,0
6624,0
6625,0
6626,0
6627,0
6628,0
6629,1
6630,0
6631,0
6632,0
6633,0
6634,0
6635,0
6636,1
6637,0
6638,0
6639,0
6640,0
6641,0
6642,0
6643,1
6644,0
6645,0
6646,0
6647,0
6648,0
6649,0
6650,1
6651,0
6652,0
6653,0
6654,0
6655,0
6656,0
6657,1
6658,0
6659,0
6660,0
6661,0
6662,0
6663,0
6664,1
6665,0
6666,0
6667,0
6668,0
6669,0
6670,0
6671,1
6672,0
6673,0
6674,0
6675,0
6676,0
6677,0
6678,1
6679,0
6680,0
6681,0
6682,0
6683,0
6684,0
6685,1
6686,0
6687,0
6688,0
6689,0
6690,0
6691,0
6692,1
6693,0
6694,0
6695,0
6696,0
6697,0
6698,0
6699,1
6700,0
6701,0
6702,0
6703,0
6704,0
6705,0
6706,1
6707,0
6708,0
6709,0
6710,0
6711,0
6712,0
6713,1
6714,0
6715,0
6716,0
6717,0
6718,0
6719,0
6720,1
6721,0
6722,0
6723,0
6724,0
6725,0
6726,0
6727,1
6728,0
6729,0
6730,0
6731,0
6732,0
6733,0
6734,1
6735,0
6736,0
6737,0
6738,0
6739,0
6740,0
6741,1
6742,0
6743,0
6744,0
6745,0
6746,0
6747,0
6748,1
6749,0
6750,0
6751,0
6752,0
6753,0
6754,0
6755,1
6756,0
6757,0
6758,0
6759,0
6760,0
6761,0
6762,1
6763,0
6764,0
6765,0
6766,0
6767,0
6768,0
6769,1
6770,0
6771,0
6772,0
6773,0
6774,0
6775,0
6776,1
6777,0
6778,0
6779,0
6780,0
6781,0
6782,0
6783,1
6784,0
6785,0
6786,0
6787,0
6788,0
6789,0
6790,1
6791,0
6792,0
6793,0
6794,0
6795,0
6796,0
6797,1
6798,0
6799,0
6800,0
6801,0
6802,0
6803,0
6804,1
6805,0
6806,0
6807,0
6808,0
6809,0
6810,0
6811,1
6812,0
6813,0
6814,0
6815,0
6816,0
6817,0
6818,1
6819,0
6820,0
6821,0
6822,0
6823,0
6824,0
6825,1
6826,0
6827,0
6828,0
6829,0
6830,0
6831,0
6832,1
6833,0
6834,0
6835,0
6836,0
6837,0
6838,0
6839,1
6840,0
6841,0
6842,0
6843,0
6844,0
6845,0
6846,1
6847,0
6848,0
6849,0
6850,0
6851,0
6852,0
6853,1
6854,0
6855,0
6856,0
6857,0
6858,0
6859,0
6860,1
6861,0
6862,0
6863,0
6864,0
6865,0
6866,0
6867,1
6868,0
6869,0
6870,0
6871,0
6872,0
6873,0
6874,1
6875,0
6876,0
6877,0
6878,0
6879,0
6880,0
6881,1
6882,0
6883,0
6884,0
6885,0
6886,0
6887,0
6888,1
6889,0
6890,0
6891,0
6892,0
6893,0
6894,0
6895,1
6896,0
6897,0
6898,0
6899,0
6900,0
6901,0
6902,1
6903,0
6904,0
6905,0
6906,0
6907,0
6908,0
6909,1
6910,0
6911,0
6912,0
6913,0
6914,0
6915,0
6916,1
6917,0
6918,0
6919,0
6920,0
6921,0
6922,0
6923,1
6924,0
6925,0
6926,0
6927,0
6928,0
6929,0
6930,1
6931,0
6932,0
6933,0
6934,0
6935,0
6936,0
6937,1
6938,0
6939,0
6940,0
6941,0
6942,0
6943,0
6944,1
6945,0
6946,0
6947,0
6948,0
6949,0
6950,0
6951,1
6952,0
6953,0
6954,0
6955,0
6956,0
6957,0
6958,1
6959,0
6960,0
6961,0
6962,0
6963,0
6964,0
6965,1
6966,0
6967,0
6968,0
6969,0
6970,0
6971,0
6972,1
6973,0
6974,0
6975,0
6976,0
6977,0
6978,0
6979,1
6980,0
6981,0
6982,0
6983,0
6984,0
6985,0
6986,1
6987,0
6988,0
6989,0
6990,0
6991,0
6992,0
6993,1
6994,0
6995,0
6996,0
6997,0
6998,0
6999,0
